audit_id,query,parent_asin,title,in_set
1,protein powder,B08WPJ2C49,"Skinny Jane Skinny Blend | Delicious Plant Based Protein Shake | Vegan Powder | Low Carbs Keto Friendly | Non GMO | No Soy, Gluten, Dairy and Egg Free | BCAAs (Vanilla, 2 Pound)",
2,protein powder,B07L5Z9QK4,"Raw Fountain 3 Day Juice Cleanse Detox, 24 Powder Packets, Travel and Vegan Friendly, 4 All Natural Flavors, Includes Protein (3 Day)",
3,protein powder,B072BZHL7T,"BRI Spirulina 2000mg Maximum Strength Premium Quality Spirulina Superfood Powder, Packed w Antioxidants, Protein and Vitamins in Easy to Swallow Vegetable Cellulose Capsules (240 Count)",
4,protein powder,B0915D8JJQ,"AKI Dried MANGO Powder (6.34oz / 180g)-Vitamin C and Other Nutrients | Mango Ideal As Booster Supplement for Protein Smoothies, Sorbet Seasoning, Juice, Popsicles & Ice Cream",
5,protein powder,B0BP99S8C7,"Growing Naturals | Original Raw Pea Powder 15g Plant Protein | 2.8G BCAA, Low-Carb, Low-Sugar, Non-GMO, Vegan, Gluten-Free, Keto & Food Allergy Friendly | Original Unflavored (16 Ounce (Pack of 1))",
6,protein powder,B09MJ3P2ZK,Steel PRO-Pudding | Casein Based Protein Pudding Powder Mix | Raspberry Cheesecake | Great for Anabolic Environment Management for Muscle Growth | Low Carb | 14 Servings (1.11 Lbs),
7,protein powder,B0BZTC31YB,"BlueBiology Collagen Powder Supplement Hydrolyzed Marine Collagen w/Lysine, Glycine, & Tyrosine - Protein for Hair, Skin & Nail Growth - Organic Collagen, Keto-Friendly, No Flavoring (11.4 oz)",
8,protein powder,B0B44FTZ8M,"SlimFast Meal Replacement Powder, Original Rich Chocolate Royale, Weight Loss Shake Mix, 10g of Protein, 14 Servings (Packaging May Vary)",
9,protein powder,B000VWOK1C,"Resource Beneprotein Powder, Instant Protein - 7 gm/Pack, 75 Count (Pack of 1)",
10,protein powder,B0C4CJCPWF,Go Nutra Chlorella Powder Organic Raw Non-GMO 100% Pure Cracked Cell Wall Green Superfood High Protein Chlorophyll for Smoothie Vegan Supplement (1 lb. (16 oz.)),
11,protein powder,B09Y2F22DN,"Collagen Peptides Powder - Hydrolyzed Protein(Type I & III) - Digestive Enzymes - Keto Collagen Powder for Women & Men - Hair, Skin, Joints & Workout Recovery Aid - Grass Fed, Non-GMO, Gluten-Free",
12,protein powder,B08RYN1PH6,"The Scoopie Supplement Container, Scoop, and Funnel System for Pre Workout Powder and Post Workout Protein, Spill Proof Holder Dispenser, Gym and Shaker Bottle Travel Accessory, PACK OF 4, RED",
13,protein powder,B07NSNQH8Z,"Country Farms American Superfoods 30 Fruits & Vegetables Plant Supplement Powder, Protein & Fiber, Apple Carrot Flavor, 60 Servings, Packaging May Vary",
14,protein powder,B084HLCYD2,Organic Spirulina Powder Capsules 3000 mg - Purest Non-Irradiated Blue Green Algae - Best Raw Vegan Protein - Green Superfood - Natural Multivitamins – 180 Pills Made in The USA,
15,protein powder,B079YZ2MH9,"Collagen Peptides Powder - Grass Fed Pasture Raised Hydrolyzed Paleo and Keto Protein Supplement - for Youthful Skin, Healthier Hair, Joints, Stronger Nails - GMO and Gluten Free",
16,protein powder,B072QR9ZRX,"MacroLife Naturals MacroMeal Vegan Superfood Powder Time-Released Protein Blend, Greens, Digestive Enzymes, Fiber, MCTs - Energy - Non-GMO, Gluten-Free, rSBT-Free - Chocolate - 10 Packet Servings",
17,protein powder,B079G4ZG24,Rootcology AI Paleo Protein - Dairy-Free and Soy-Free 26g Hydrolyzed Beef Protein - Dietary Supplement Powder for Energy and Muscle Support by Izabella Wentz (Unflavored - 810g / 30 Servings),
18,protein powder,B001B4P3UQ,"NOW Supplements, L-Citrulline Pure Powder, Supports Protein Metabolism*, 4-Ounce",
19,protein powder,B0157E3M6M,"AliMed Protein Supplement Beneprotein Unflavored 8 oz. Can Powder, Qty : 6 per Case",
20,protein powder,B0813K295R,"Garden of Life Grass Fed Collagen Greens Beauty Powder - Apple, 14 Servings, Collagen Powder for Women Skin Hair Nails Joints, Collagen Peptides Powder, Collagen Protein + Greens, Collagen Supplement",
21,hand sanitizer,B08YPBMMB7,"SONO Hand Sanitizing Wipes - Medical Grade, Alcohol-free Sanitary Wipes - Sanitizer Wipes with Moisturizer and Bergamot Essential Oil - 6-Pack x 20 Count",
22,hand sanitizer,B00GG56KZ2,"3m Healthcare Sanitizer Hand Gel Avagard D with Moisturizer, 16.9 Oz ,(3 PACK) (3)",
23,hand sanitizer,B08BTG6SPF,Rveal | UVILIZER Go - UV Light Sanitizer & Ultraviolet Sterilizer Hand Wand,
24,hand sanitizer,B08G2ZRJMS,Medpride Hand Wipes With 75% Alcohol [100 Pack] – Gentle Sanitizing Wet Wipes - Cleaning Sanitizer Wipes With Aloe Vera - Disposable Moisturizing Personal Wipes- 5.5'' x 7.8'',
25,hand sanitizer,B000LTRWI8,"Avagard D 3M Healthcare Sanitizer Hand Gel with Moisturizer, 16.9 Fluid Ounce, White (9222)",
26,hand sanitizer,B077469JD2,Bath & Body Works PocketBac Hand Gel Sanitizer Reindeer Winter Candy Apple,
27,hand sanitizer,B01JAPWE2C,Bath & Body Works PocketBac Hand Gel Sanitizer Watermelon Lemonade Lot of 3,
28,hand sanitizer,B08F3F3RFT,"Rock Doctor Foaming Hand Soap In Seconds, 3 Pack, Spray Bottle Dispenser, Fresh Scent, No Rinse Alcohol Free Sanitizer, Gentle on Soft Skin, Home, Work, and School",
29,hand sanitizer,B075ZHNM7N,Bath and Body Works Aromatherapy Stress Relief - Eucalyptus Spearmint with Essential Oil PocketBac Sanitizer Hand Gel [5-PACK],
30,hand sanitizer,B09XR9LFZ2,Fend Wellness - The Mitt Wearable Hand Wipes - Premoistened Mitten-Shaped Wipe With 75% Alcohol Sanitizer & Protective Liner - Dual Sided - Full Hand Coverage - One Size - Resealable - 12 Wipe Mitts,
31,hand sanitizer,B09Z1WD9Y4,"4 Packs Gallon Pump Dispenser, Leak Proof Dispenser for Hand Soap, Laundry Detergent, Sanitizer, Shampoo - 128 OZ Capacity - 38/400 Plastic Gallon Pump Dispenser for Household & Commercial",
32,hand sanitizer,B084TW2Y96,Bath Body Works Hand Gel Sanitizer Holder Turtle,
33,hand sanitizer,B091D4CWVL,"Honour Hand Care Sanitizer Gel, Fragance Free, 100 Single-Use Travel-Size Packs - 70% Alcohol. Parabens Free.",
34,hand sanitizer,B08W8QP426,Colemerg Hand Wipes Sanitizer – 20pcs Antibacterial Hand Wipes (Pack of 12) – Non-Alcohol Wipes for Hand Disinfection – Quick and Easy Solution – Fresh Scent – Travel-Friendly Pack – Sanitary Wipes,
35,hand sanitizer,B0B9YS4G4F,Issengard Moisturizing Luxury Hand Cream & Sanitizer,
36,hand sanitizer,B09GPT31HT,Halafs Hello Kitty PVC Designed Silicone 1 Oz Travel Size Pocketbac Lotion Hand Gel Sanitizer Holder Case Cover,
37,hand sanitizer,B09XR8P7BT,Fend Wellness - The Mitt Wearable Hand Wipes - Premoistened Mitten-Shaped Wipe With 75% Alcohol Sanitizer & Protective Liner - Dual Sided - Full Hand Coverage - One Size - Resealable - 30 Wipe Mitts,
38,hand sanitizer,B00P73W1LG,Bath Body Works PocketBac Hand Gel Sanitizer Mahogany Teakwood,
39,hand sanitizer,B08CSZKTV4,Bath and Body Works Hand Gel Sanitizer Holder Pink Cheer Uniform Cheerleader,
40,hand sanitizer,B07YZ41S7C,"PURELL&reg; ES6 Hand Soap/Sanitizer Dispenser, 12.1"""" x 5.3"""" x 8.6"""", White (642001)",
41,toilet paper,B08VGNRKXV,"descriptiontrash bags small size: 17.7 inches long and 19.7 inches wide.Material: Garbage bags small with handle is made of high-quality new PE material. The material is thick, has better load-bearing capacity, wear-resisting is not easy to break, good toughness, environmental protection, health, safety and no odor.-trash bags small bathroom has good toughness, strong bearing capacity, anti-leakage design, no longer afraid of waste water.-Small trash bags with handle have 5 volumes, each with 100 pieces. There are five colors of green, pink, blue, yellow and purple, which not only add color to the use of trash cans, but also the latest products make it more convenient for you to use.-Suitable for baby diaper waste paper bas for kitchen family bathroom bedroom bedroom toilet office trash can trash can.Package Included1X Trash Bags, the new sturdy and thick Garbage Bags, can load 9 kg, 150 packs of trash basket bags for kitchen, bedroom, toilet, office trash cans free color",
42,toilet paper,B08RWV5VWK,Effacera 48 packs Disposable Toilet Bowl Paper Bulk Toilet Fresh Flushable Refills for Bathroom Toilet Brush Accessories Supplies Starter Kit,
43,toilet paper,B01MRHL7CR,"Disposable Paper Toilet Seat Covers - Flushable and Hygienic Biodegradable Travel Paper Potty Barrier for Urinating in Public Hotel,Stations,Restaurants,Plane,Mall,Office,Resealable |1 Pack (10 Count)",
44,toilet paper,B004NG9012,"Packaging Dynamics Bagcraft 300591 Sani/Shield Printed Toilet Seat Band, Paper, Blue/White, 16"" Wide x 1-1/2"" Deep (Case of 1000)",
45,toilet paper,B0B4WK41KL,"BNEHS Toilet Safety Rails, Universal Toilet Handles for Elderly, Handicap Toilet Seat with Handles, Height &Width Adjustable Medical Assist Grab Bar with 4 Suction Cups &Paper Towel Rack(White)",
46,toilet paper,B003F51CU4,Renova Toilet Roll - Blue Paper (6 Roll Standard Pack),
47,toilet paper,B0BYHRKGNJ,Blue Floral Guest Napkins Blue White Bathroom Napkins Decorative Dinner Napkins Disposable Paper Hand Towels for Bathroom Powder Room Toilet Wedding Birthday Spring Tea Party Favors,
48,toilet paper,B0B4MZHJZT,100 Pcs Bathroom Napkins Guest Disposable Paper Hand Towels Bathroom Rules Decorative Napkins Toilet Rules Hand Paper for Bathroom Powder Room Wedding Birthday Baby Bridal Shower Decorative Towel,
49,toilet paper,B08WRX1LHG,100 Dragonfly Guest Napkins 3 Ply Disposable Decorative Paper Spring Flies Dragonflies Hand Towels for Bathroom Toilet Party Powder Room Spring BBQ Birthday Dinner Party Supplies Guests Napkin Towel,
50,toilet paper,B0056PSERK,"Buckingham Easywipe Bottom Wiper Toilet Aid with Wipe Clean Carry Pouch. Bottom Wiping Stick Assists with Personal Hygiene, Grips and Releases Toilet Tissue Without The Need to Touch Soiled Paper",
51,toilet paper,B09H4KLZCK,"Joe Biden Toilet Brush with Holder and Paper, Funny Political Gag Gift | Make Your Friends and Family Laugh | Secret Santa Christmas Idea",
52,toilet paper,B0B7WM6T8G,"BNEHS Toilet Safety Rail-Toilet Handicap Rails for Elderly with Handles,Medical Safety Frame with Toilet Seat Riser,Height&Width Adjustable Bathroom Assist Grab Bar with Paper Towel Rack(White)",
53,toilet paper,B0BGYB3LSL,100 Blue Tuscan Guest Napkins Decorative Hand Towels 3 Ply Disposable Paper Tuscany Pagoda Napkins for Bathroom Toilet Powder Room Holiday Wedding Bridal Shower Birthday Dinner Party Napkin Towel,
54,toilet paper,B099FGG61Q,100 Gold Baroque Foil Guest Napkins Decorative Hand Towels 3 Ply Disposable Paper Elegant Napkins For Bathroom Toilet Powder Room Holiday Wedding Birthday Dinner Party Decor Towel,
55,toilet paper,B096T2BH22,100 Count Happy Easter Guest Napkins 3 Ply Disposable Paper Pack Elegant Holiday Party Dinner Guests Hand Towel Napkin Spring Bunny Rabbit Butterfly Design for Gym Toilet Bathroom Decorative Towels,
56,toilet paper,B0747BKWZ1,STAR BRITE Toilet Tissue Marine/RV Grade Fast Dissolving Paper,
57,toilet paper,B0944953HX,100 Watercolor Floral Guest Napkins Decorative Hand Towels 3 Ply Disposable Paper Spring Flower Garden Blossom Napkins For Bathroom Toilet Powder Room Holiday Wedding Birthday Dinner Party Decor Towel,
58,toilet paper,B004U7XVKA,#5820 SunnyCare 1/4 Fold Paper Toilet Seat Covers,
59,toilet paper,B0BWMN9GKJ,"Toilet Seat Covers Disposable, 250 Pcs Flushable Disposable Toilet Seat Covers, Half-Fold Paper Toilet Liners for Travel, Airplane, Public Restrooms, Road Trips, Camping, Potty Training",
60,toilet paper,B0B9GZR4QL,300 Pcs Christmas Paper Guest Napkins Christmas Cocktail Toilet Napkins Paper Disposable Guest Hand Towels for Bathroom Red Cardinal Poinsettia Xmas Decorative Napkins Bulk for Dinner Kitchen,
61,blood pressure monitor,B0C3HDGW9V,"YHE BP Doctor Pro, Blood Pressure Watch with Patented Cuff, Wrist BP Monitor, Smartwatch for Blood Oxygen, HRV, Heart Rate, Sleep and Sports Tracking with App for Android iPhone - Black",
62,blood pressure monitor,B0B7BLH6D6,"Sejoy Blood Pressure Machine Wrist, Blood Pressure Cuff Monitors, Bp Monitor Bp Cuff Automatic Wrist LCD Backlit Display, 120 Memories 5.3""-8.5"" Adjustable Cuff, Voice Broadcast Storage Bag Batteries",
63,blood pressure monitor,B0B582YDVM,"Blood Pressure Machine - Automatic BP Monitor with Large 4.7"" 4-Color LCD Display, 8.7-17.7"" Adjustable Blood Pressure Cuff, Battery Operated & Rechargeable",
64,blood pressure monitor,B0C7VKQTTQ,"Blood Pressure Machine Upper Arm, 2 Size Cuffs M/L & XL, Medium/Large 9""-17"" & Extra Large Cuff 13""-21"", Accurate Automatic Digital BP Monitor Home Use, 4.5"" Large Backlit LCD, BP Cuff 2-User 1000 Mem",
65,blood pressure monitor,B0B2Z7XVKH,"Blood Pressure Machine-Automatic Upper Arm BP Monitor with 2 x 99 Sets of Memory, Large Screen, and Large Blood Pressure Cuff",
66,blood pressure monitor,B00IWRRS6C,"A&D Medical Essential Wide Range Cuff Upper Arm Blood Pressure Machine (8.6-16.5""/ 22-42 cm) Home BP Monitor, One Click Operation with Easy to Read Digital Screen & Irregular Heartbeat Detection",
67,blood pressure monitor,B0C157KH2L,"Blood Pressure Cuff Wrist,Automatic Wrist Cuff Blood Pressure Machine,LED Display Automatic Wrist Cuff Blood Pressure Machine,HR Detection,99x2 Reading Memory Bp Monitor with Carrying Case for Adult",
68,blood pressure monitor,B0C72MXL2W,"Blood Pressure Machine Upper Arm, 2 Size Cuffs M/L and XL, Medium/Large 9""-17"" and Extra Large XL Cuff 13""-21"", Accurate Automatic Digital BP Monitor, Large Backlit LCD, 2-User 1000 Memories, U85H",
69,blood pressure monitor,B08C758G1V,Universal NIBP Cuff Single Tube Thigh Use Reusable 46-66 cm Arm Circumference Nylon Replacement Blood Pressure Cuff for Patient Monitor No Connector (Dark Green Style with Bag),
70,blood pressure monitor,B081HD11PB,"Vive Automatic High Blood Pressure Measurement Kit for at Home Use - Upper Arm BP Cuff & Machine with Digital Screen to Monitor Vital Signs - Portable Checking for Small, Large, and Plus Size Arms",
71,blood pressure monitor,B0C43WSYNC,Ever Ready First Aid Fully Automatic Blood Pressure Wrist Cuff Watch Wearable Monitor - Purple- Batteries Included,
72,blood pressure monitor,B0C1HK4M5S,"A&D Medical Essential Wireless Blood Pressure Machine with Bluetooth, Upper Arm Cuff (8.6-16.5""/22-42 cm Range) Home BP Monitor, One Click Operation, Connects with A&D HeartTrack App",
73,blood pressure monitor,B0C5J3WDQS,"Blood Pressure Cuff Upper Arm, Tovendor Accurate Digital BP Monitor with Adjustable 8.7-16.5in. Cuff for Home Use, Automatic Blood Pressure Machine with Pulse Rate, 2*199 Sets Memory, 4*AAA Batteries",
74,blood pressure monitor,B08FBXZD8V,"Bluetooth Blood Pressure Machines, Upper Arm Large Cuff with Smart APP, Wireless Integrated Design, Digital Health Monitor, Rechargeable, APP for iOS&Android",
75,blood pressure monitor,B077VYZ61V,"MOBI Health Automatic Arm Blood Pressure Automatic Blood Pressure Cuffs, Adjustable Cuff, Large LCD Display Pulse Rate Irregular Heart Rate Monitor Medical Machine & Carry Case Battery NOT Included",
76,blood pressure monitor,B06XCBNZ2C,"A&D Medical Premium Multi-User Wide Range Upper Arm Cuff (8.6-16.5""/22-42 cm) Blood Pressure Machine, Home BP Monitor, One Click Operation with Easy to Read Digital LCD Screen, for up to 4 Users",
77,blood pressure monitor,B07NBM9N11,Blood Pressure Control Magnetic Bracelet Bp Monitor Bracelet (Golden) for Men Women and Teens with 100% Original high Quality Magnet,
78,blood pressure monitor,B01K5SBYBA,Adult Blood Pressure Cuff - Electronic Digital Upper Arm Heart Monitor with LCD Display Personal Health Tracker Device for Hypertension by Bluestone,
79,blood pressure monitor,B000VXO4JE,"A&D Medical Premium+ Extra Large Cuff Upper Arm Blood Pressure Machine (16.5-23.6""/42-60 cm Range) Home BP Monitor, One Click Operation with Easy to Read Precise Readings",
80,blood pressure monitor,B01AD21F9Y,"Blood Pressure Machine - BP and Pulse Monitor for Heart Health with Digital LCD Screen, Memory Recall, Adjustable Cuff, and Storage Case by Bluestone",
81,vitamin d,B002TKH41W,"Life Extension Super Absorbable Tocotrienols – Vitamin E D-alpha tocopherol Supplement For Healthy Brain, Hair, Skin, Eye and Immune System – Gluten-Free, Non-GMO – 60 Softgels",
82,vitamin d,B00AEDH880,"Vitamin A&D Ointment, 4 Oz. Tube, Flip Top Cap",
83,vitamin d,B0C8JVWJ3R,Tary Nally Sea Moss Gummies - 60 Count - Organic Irish Sea Moss Gummies with Organic Bladderwrack Burdock Natural Vegan Seamoss for Adults & Kids - Vitamin C + D Zinc - Boosts Immunity Detox &Cleanse,
84,vitamin d,B09X7G1FX9,"Multivitamin Gummies, Extra Strength Daily Gummy Vitamin & Antioxidant Supplement for Women & Men with Vitamins A, C, D, E, B-6, B-12 & Zinc for Immune Health Support, Non-GMO, Raspberry - 120 Gummies",
85,vitamin d,B0BXM4N227,"Global Healing USDA Organic Multivitamin for Women and Men - Vitamins Include A, C, D, E K, & More for Your Overall Health & Wellness Needs - Complete Daily Multi Vitamin Nourishment (120 Capsules)",
86,vitamin d,B08D6ZJCKN,"Bright Naturals: Immunity Support - 60 Capsules - Multi-System Immune Defensive Support - High in Vitamin C, D, and Zinc - Respiratory and Sinus Health Support - Helps Aid in Stress and Fatigue Relief",
87,vitamin d,B0BSKZ9VZ4,Dr.K&C Premium Healthy Immune Support - Immunity Boost 30 Veggie Capsules 6 in 1 Blend Vitamin C D B6 B12 Zinc Elderberry Powerful Antioxidant Overall Health System Non GMO Supplement Immune 1pk,
88,vitamin d,B07THCPC8Q,"PeriGuard Skin Protectant Ointment - Vitamin A, D, E, Aloe Vera, Zinc, Petroleum Based Moisture Barrier – 2 Tubes, 7 oz Each",
89,vitamin d,B09163QNVW,"SOLARAY Immufight Ultimate Immune Support | Healthy Response Formula w/Vitamin C & D, Zinc, Herbs | 10 Serv, 90 VegCaps",
90,vitamin d,B005D0DSLA,"Vitafusion Omega-3 Gummy Vitamins, Berry Lemonade Flavored, Heart Health Vitamins(1) With Omega 3 EPA/DHA and Vitamins A, C, D and E, America’s Number 1 Gummy Vitamin Brand, 60 Day Supply, 120 Count",
91,vitamin d,B09ZYNF6XL,"BariSlim Advanced Chewable Bariatric Multivitamin with Iron - Bariatric Vitamin and Supplement for Post Bariatric Sleeve Surgery - Gastric Bypass and Sleeve - Vitamins A, D, E, and K | Mixed Berry",
92,vitamin d,B01KYK9D4Y,"Life Extension Gamma E Mixed Tocopherols — Complete D-Alpha Vitamin E Supplement for Heart Health and Skin Care - Gluten-Free, Non-GMO - 60 Softgels",
93,vitamin d,B09CW7XNWZ,Jovvily Vitamin B5 - Pantothenic Acid - 8 oz - D-Calcium Pantothenate - Always Pure - No Fillers Or Additives,
94,vitamin d,B09219Q7MH,"Sweetsation Therapy / YUNASENCE HYDRASSANCE Hydra-Intense Bio-Energizer Protective Essence, 4oz. With Ectoin, Vitamin C, 4-D Hyaluronic Acid, Minerals, Probiotic.",
95,vitamin d,B008RY0KSS,"The Vitamin Shoppe Cod Liver Oil, Natural Orange Flavor, Natural Rich Source of Vitamins A D, Natural Source of Omega3s, Supports Heart Brain Health (16 Fluid Ounces Liquid)",
96,vitamin d,B00014EKRE,"NaturesPlus Vitamin E Cream - 30,000 iu, 2.2 oz - Helps Relieve Dry Skin, May Soothe Minor Skin Irritations- with MSM, Aloe Vera, Vitamins A & D - Vegan, Vegetarian",
97,vitamin d,B0063CUTPA,"Multivescence Multivitamin Drink - Health & Immunity System Support Supplement - Vitamins, Minerals, Antioxidants, Nutrients – 1000mg Vitamin C plus B12, D, Calcium, Zinc – Travel (30 Packets)",
98,vitamin d,B0BG63RVLJ,"Livingood Daily Electrolytes Powder No Sugar - Keto Electrolytes Hydration Powder with Vitamin C, Taurine, D-Ribose & FOS - Sugar Free Electrolyte Drink Mix - 30 Servings, Strawberry Lemonade",
99,vitamin d,B08C75BHL6,"Lifeable Kids Multivitamin – Great Tasting Natural Flavor Gummy – Vegetarian, GMO Free Vitamin Supplement – with Vitamins A, C, D, E, B6, B12, Zinc, Biotin, Folic Acid, Iodine, Niacin – 90 Gummies",
100,vitamin d,B0CCWHJ299,"Rainbow Light Multivitamin for Men, Vitamin C, D & Zinc, Probiotics, Men's One Multivitamin Provides High Potency Immune Support, Non-GMO, Vegetarian, 60 Tablets",
101,dish soap,B0846NHRKK,"Biokleen Dish Liquid Soap, Dishwashing, Eco-Friendly, Non-Toxic, Plant-Based, No Artificial Fragrance, Colors or Preservatives, Free & Clear, Unscented, 25 Ounces",
102,dish soap,B096JR6BLP,"Kitchen soap Dispensing Frosted Brush with Storage Bracket Dish for Sink Cleaning, Kitchen Washing Storage Bracket Set (Gray, 1 pc.)",
103,dish soap,B0C3GTRTQK,"Delaware DURABLES Dish Wand Sponge Kitchen Set with Soap Dispenser- Cleaning Supplies, Dish Brush with Handle, Scrub Brush with Long Handle, Cleaning Tools, Sink Cleaner, Dish Sponges - 7 Piece Set",
104,dish soap,B07V1GRM96,"Farmhouse Basic Collection. Organic, Vegan-friendly, All Natural, Zero Waste Multi-Purpose Dish Cleaning Soap - Sweet Orange-Spearmint",
105,dish soap,B0BYNKNSW5,"ETECHMART Bamboo Shower Bench with Back and Soap Dish, 2-Tier Shower Chair Bath Seat with Handle for Bathroom Bathtub Elderly Disabled, Waterproof Wood Spa Stool for Inside Shower Legs Shaving, Bamboo",
106,dish soap,B072TQVK8P,"Arrow Dish Sponge With Soap Dispenser Handle and 4 Refill Sponges - Fillable Dish Wand for Quick, Convenient Cleaning - Made in the USA - Easy to Refill, Built-In Scrubber, Ideal for Dishes and Pans",
107,dish soap,B0BVSP21WB,OXO Good Grips Soap Dispensing Durable Dish Scrub,
108,dish soap,B0C1KPML69,"RE: Dish Washing Soap Bar (Loofah holder sponge included) - palm oil free, eco friendly, zero waste, plastic free, free of artificial dyes and fragrance (Citrus)",
109,dish soap,B098LQBXYX,"YFA Dish Brush with Soap Dispenser, Kitchen Brush with Holder for Pot Pan Sink Cleaning, 1 Set",
110,dish soap,B002ZZBT58,"Seventh Generation : Natural Dish Liquid Soap, Biodegradable, Nontoxic, 25 oz. -:- Sold as 2 Packs of - 1 - / - Total of 2 Each",
111,dish soap,B08J9RMV7H,"WBM Care Home Soap Dispensing Brush, Nylon Bristles Dish Washing Brush with Good Grip for Kitchen, 2Count",
112,dish soap,B07JMY73DS,"Organic, Vegan-friendly, All Natural, Zero Waste Multi-Purpose Dish Cleaning Soap - Lavender",
113,dish soap,B0BFQN16BR,"Dish Scrub Brush with Soap Dispenser, Soap Dispensing Dish Brush with Drip Tray&Cleaning Sponge Replacement,Dishwashing Brush for Dishes Pots Pans Kitchen Sink Cleaning",
114,dish soap,B0BNKHWQZP,"Dish Brush with Handle, Dish Scrubber with Soap Dispenser, Kitchen Scrub Brush for Dishes Pots Pans Sink Cleaning, 4 Replaceable Brush Heads (Grey)",
115,dish soap,B09G1726XX,"MR.SIGA Soap Dispensing Dish Brush Refills, 4 Pack",
116,dish soap,B0C6SK8DXC,"CQT Soap Dispensing Dish Brush, Dish Scrubber with Handle, Kitchen Washing Brush for Pot Pan Sink Cleaning, Packed with 1 Replaced Scouring Pad Head (Gray)",
117,dish soap,B07DPQNKPT,"OXO Good Grips Soap Dispensing Dish Scrub with 2 Pack Scrub Refill, Set",
118,dish soap,B0BSN27D4M,Dish Brush with Soap Dispenser 3 Brush Replacement Heads Set Dish Scrubber with Silicone Handle Kitchen Dish Scrub Brush for Cleaning Dishes…,
119,dish soap,B093XQ2F95,"Good Grips Palm Brush,Refills Soap Dispensing Dish Brush with Holder,Scrub Brush Dishes Kitchen Brush Scrubber Storage Set for Dish Pot Pans Sink Cleaning(Green)",
120,dish soap,B0BCH8KV8D,"Scrub Brush with Soap Dispenser, Good Srubber Cleaner for Dish Sink Pan Pot Washing and Cleaning, Bathroom, Kitchen, Soft Laundry Clothes and Shoes Scrubbing Brush(Blue)",
121,baby wipes,B08YFP2V5Z,"Disposable Dry Wipes, 50 Pack – Ultra Soft Non-Moistened Cleansing Cloths for Adults, Incontinence, Baby Care, Makeup Removal – 9.5"" x 13.5"" - Hospital Grade, Durable – by ProHeal",
122,baby wipes,B09NQDWR3S,"XL Ultra Soft Dry Wipes 10x13 Disposable Baby and Adult Dry Washcloths – Extra Large Super Soft 10’’x13’’ - Absorbent Non-Moistened Cleansing Wash Cloths for Adults, Incontinence, Baby Care & Makeup",
123,baby wipes,B09SMWND94,"dapple All Purpose Wipes Baby, Hint of Lavender, 30 Count Pouch (Pack of 4) - Plant Based & Hypoallergenic Cleaning Wipes",
124,baby wipes,B089QVCKDZ,"Care Touch Disposable Dry Wipes - 200 Count (4 Packs of 50) - Baby, Incontinence, Seniors, Surface Cleaning - 10"" x 13"" Absorbent Cleansing Cloths - Ultra Soft and Gentle",
125,baby wipes,B09WH2R7W6,Baby Dove Sensitive Skin Wipes 100% plant based fibers,
126,baby wipes,B09CTZC1YB,"KubWipes | Cotton Dry Wipes | Natural Skin Cleaning Wipes | Soft & Sensitive | Extra Strong & Absorbent | Cotton Tissues Box | Makeup Remover Wipes, Facial & Body Cleansing, Baby & Family Care, Acne 100% Cotton USA | Travel size | Mini Box 10 Wipes",
127,baby wipes,B07C848K79,"Natural Essentials Fever-eez Baby Fever Relief for Kids, Soothing Forehead & Body Wipes for Babies, Provide Immediate Cooling Sensation during Fevers, High Body Temperatures and Hot Flashes",
128,baby wipes,B01BNX863U,"Bodifresh Toilet Paper Foam, Plant Based Formula w. Aloe & Vitamin E, Hypoallergenic, Flushable Wipe Alternative, 120+ wipes per bottle - Baby Scented",
129,baby wipes,B0C629BT73,"Individually Wrapped Nurture Antibacterial Body & Hand Wipes | Alcohol-Free Antiseptic Wet Disinfecting Sanitizer Towelettes 4 Germ Removal, Sanitizing Hands | Natural Cleaning Cloths | Adults & Baby",
130,baby wipes,B0754N1QQ8,"Fresh Body FB Asswipes (4 Pack, 180 Wipes) - Flushable Personal Cleansing Body, Butt and Bathroom Wipes with Aloe and Vitamin E - From Adults to Baby - Made Without Alcohol or Parabens",
131,baby wipes,B0BWQZ2J5B,"HATE STAINS CO Stain Remover for Clothes - 4oz Spray & 10 Wipes - Newborn & Baby Essentials - Miss Mouth's Messy Eater Stain Treater Spray - No Dry Cleaning Food, Grease, Coffee Off Laundry, Underwear, Fabric",
132,baby wipes,B07V3K467V,"SO'BiO étic | Baby Cleansing Wipes | Organic & Biodegradable Micellar Water Wet Wipe Skin Cleanser for Newborn, Infant, Toddler | 70 Wipes",
133,baby wipes,B0999K6QKS,"Compressed Towel Set, 300 Individually Packed Camping Reusable Ultra Soft Gym Travel Towels with 2 Dispensers and 4 Carrying Cases, Toilet Paper Tablets Coin Tissues Baby Dry Wipes",
134,baby wipes,B0BG2KB8VR,SANFE ELEPHANT Baby Finger Toothbrush | Baby Dry Wipes | Tooth and Gum Wipes | Baby Tongue Cleaner | Stage 1 Birth to First Teeth | 0-36 Months | 30 Count (Dry Finger cots),
135,baby wipes,B0958JMD23,"Baby Saline Wipes by Boogie for Face, Hand, Body & Nose, FSA/HSA Eligible, Made with Vitamin E, Aloe, Chamomile and Natural Saline, Fresh Scent, 45 Count",
136,baby wipes,B089QW2JNC,"Care Touch Disposable Dry Wipes - 100 Count (2 Packs of 50) - Baby, Incontinence, Seniors, Surface Cleaning - 10"" x 13"" Absorbent Cleansing Cloths - Ultra Soft and Gentle",
137,baby wipes,B0BVWYBGVP,"Quitch Mosquito Bug Repellent Balm, Bug Spray Alternative Travel Size Insect Repellent, DEET Free Mosquito Repellent for Kids, Natural Travel Size Mosquito Repellent Wipes Balm for Baby and People",
138,baby wipes,B09SMQVH38,"All Purpose Wipes by Dapple Baby, Hint of Lavender, 75 Count Canister (Pack of 2) + 30 Count Pouch (Pack of 2) - Plant Based & Hypoallergenic Cleaning Wipes",
139,baby wipes,B007GD9EHO,"Bodifresh Toilet Paper Foam, Plant Based Formula w. Aloe & Vitamin E, Hypoallergenic, Flushable Wipe Alternative, 120+ Wipes per Bottle - Baby Scented 3 Piece Set",
140,baby wipes,B07CH5TCGM,"Dreft Multi-Surface All-Purpose Gentle Cleaning Wipes for Baby Toys, Car Seat, High Chair & More, 70 Count, Pack of 2",
