audit_id,parent_asin,title,price,unit_count,number_of_items,item_package_quantity,size,item_weight,item_volume,liquid_volume,volume,sheet_count,number_of_pieces,package_information,item_form,truth,notes
1,B09CMFTBD9,"WWLL Golf Brush Head Toilet Brush Set Cleaner ,Golf Club Toilet Bowl Brush ,Close sstool Golf Brush Toilet Cleaner (Blue)",12.59,,,,,9 ounces,,,,,,,,N/A,
2,B08K46L6T1,Absolute Nutrition Save 10% - 3 - Pack Immunity Gummies 10% Savings !,37.99,,3,,,,,,,,,Jar,Gummy,NONE,
3,B0CGT6C78W,"Cramer Adhesive Bandage, First Aid Supplies for Athletes, Fast Application for Open Wound Care and Protection, Flexible Children's Bandages, Athletic Training Equipment, Bulk Packs",10.86,,,,,,,,,,,,Gauze,NONE,
4,B01M0P5GFI,Eminence Apricot Whip Moisturizer - 2 Fl Oz,50.81,2 Fl Oz,,,,,,,,,,,"Lotion,Cream",1 x 2 fl oz,
5,B07JJRWJLX,Café Mocha Fragrance Oil - Premium Grade Scented Oil - 30ml,6.99,1.00 Count,,,,,30 Milliliters,,,,,,,1 x 30 ml,
6,B09TZ6KBYH,"Quercetin with Vitamin C and Zinc - Elderberry - Quercetin 500mg - Quercetin with Bromelain - Zinc Quercetin - Vitamin D3 - 6 in 1 Daily Immune Support, Non-GMO, Gluten-Free - Sambucus Supplement -USA",24.97,,,,,,,,,,,,Capsule,NONE,
7,B08Q3MLN4J,"In Style Eyes Ageless Large Reading Glasses - Full-rimmed, Lightweight Square Frame Nearsighted Glasses - Oversized Lens",21.99,,,,,,,,,,,,,N/A,
8,B000WMWYAK,"Solgar Korean Ginseng Root Extract, 60 Vegetable Capsules - Immune Support - Standardized, Full Potency (SFP) - Non-GMO, Vegan, Gluten Free, Dairy Free, Kosher - 60 Servings",19.68,,,,,,,,,,,,Capsule,1 x 60 ct,
9,B0039NE132,"Mangar Archimedes Bath Lift Chair for Elderly Adults - Bottom Non-Slip Suction Cups, Electrical Battery Operated Waterproof Remote Hand Control, for Handicapped",556.0,,,,,22 Pounds,,,,,,,,N/A,
10,B0BL3CDJP7,"ECOptimize Party Favor and Wrapped Treat Bags - 6 Design (30 Ct., Yellow Green, Purple, Blue, Colorful Eggs and Rabbits) Small Gift Bags for Easter Day, Birthday, Baby Showers, Crafts and Care Packages, May Day",7.99,30.0 Count,30,,1 Count (Pack of 30),11.3 ounces,,,,,,,Bag,1 x 30 ct,
11,B07B81RQR6,"AmerCare 9 Inch Giant Red Paper Wrapped Straws, Case of 3000",49.98,,,,,10 pounds,,,,,,,,1 x 3000 ct,
12,B09FFKL3BT,"Medline Premium Empower Rollator Walker with Seat, Comfort Handles and Thick Backrest, Folding Walker for Seniors, Microban Protection, 8"" Wheels, Red Frame",179.99,,,,,22 Pounds,,,,,,,,N/A,
13,B0BRJR44HS,"Copper Compression Arthritis Gloves - Touchscreen Tips. Relief for Hand Pain, Carpal Tunnel, Rheumatoid, Inflammation, Tendonitis, Trigger Finger, Neuropathy. Orthopedic Brace Fits Men & Women (X-Large)",27.95,,,,X-Large (1 Pair),,,,,,,,,N/A,
14,B08X29MVST,"Widewise Ceramic Hand Crafted 120ml Essential Oil Diffuser, Ultrasonic Aroma Humidifier Cool Mist Humidifier Air Purify (1 Bottle Free Oil Included)",29.99,,,,,1.25 pounds,,,,,,,,1 x 120 ml,
15,B0014V8NJY,Pipedream Fetish Fantasy Couples Door Swing,29.99,,,,,,,,,,,,,N/A,
16,B0021YY0YK,"Medline - ORT27200 Air and Foam Stirrup Ankle Splints, White",28.87,1.0 Count,,,,,,,,,,,,N/A,
17,B09SF6L2Y1,"ZMRZ Toddler U-Shaped Toothbrush for Age 2-6 Years, Training Toothbrush, Food Grade Soft Silicone Brush Head, 360° Oral Teeth Cleaning Design for Kids, U-Shape Extra Soft Toothbrush for Children",7.99,,,,,,,,,,,,,N/A,
18,B0076VT3CC,Puritans Pride Vitamin E-400 IU-250 Softgels (31578),21.11,,,,,,,,,,,,Softgel,1 x 250 ct,
19,B010IOM24O,Guaifenesin Capsules 750mg Bag of 250,39.09,,1,,,,,,,,,,"Capsules, Powder",1 x 250 ct,
20,B0C3X8C58Y,"Blue Light Blocking Glasses, 2Pack Computer Glasses for Anti Eyestrain",24.99,,,,,,,,,,,,,1 x 2 ct,
21,B0B653BQ67,Carlyle Vitamin B12 Absorbable 1000mcg | 400 Softgels | Non-GMO and Gluten Free Supplement,17.99,400.00 Count,,,,,,,,,,,Softgel,1 x 400 ct,
22,B07XB1GK5C,"4 Pieces Feeding Tube Brushes, Cleaning Brushes, 32 Inches Long with Soft Nylon Bristles Head, Suitable for Cleaning Feeding Tubes and Racking Lines (1/6 Inch Diameter)",7.99,,,,,,,,,,,,,1 x 4 ct,
23,B005P0FFDC,Nature's Answer Oil of Oregano Leaf 1oz Extract | 7mg of Carvacol | Supports Digestive Function | Promotes Overal Wellness | Gluten & Alcohol-Free | Single Count,24.74,,,,,,,,,,,,Softgel,1 x 1 oz,
24,B086DD17CY,"Echinacea Root Goldenseal Immune System Support Immune Booster and Respiratory Health 1000 mg per Serving Vegetarian Capsules 180 Ct,",24.95,,,,,,,,,,,,Capsule,1 x 180 ct,
25,B07NW7C9Y8,Siddhivinayak Overseas Walking Stick Cane Men Canes Wooden Sticks Wolf Brass Handle Handcrafted Best Wood for Mens and Women Senior Fancy Fold able,26.98,,,,,,,,,,,,,N/A,
26,B004MDMAY0,Lamb's Wool Finish Applicator Mop Head in White,23.64,,,,,1.13 pounds,,,,,,,,N/A,
27,B08J4GSNJ7,GNC Total Lean | Lean Shake 25 Protein Powder | High-Protein Meal Replacement Shake | Rich Chocolate | 16 Servings,39.99,,,,,1.83 Pounds,,,,,,,Powder,NONE,
28,B002T4F8AW,"Oenophilia Decanter Cleaning Brush, Multi-functional, Flexible Scourer, Glassware Wine Brush, Great for Narrow Neck Wine Decanters",6.99,,,,,0.8 ounces,,,,,,,,N/A,
29,B071L1KVMW,genmine Over The Door Cervical Traction Device Set Unit for Neck Shoulder Brace Head Pain Relief Home,29.99,,,,,1 Kilograms,,,,,,,,N/A,
30,B0006ONGJ2,Boiron Sambucus Nigra 200C 75 200ck pellets,11.5,,,,,,,,,,,,,NONE,
31,B09W8JJL3Q,TruWild Natural Hydration Powder with Zero Sugar - Vegan Electrolytes + Amino Acids - Recovery Drink for Everyday Use – Post Workout Muscle Support Supplement w/Magnesium (Watermelon Lemonade),35.0,11.1 Ounce,1,,,0.33 Kilograms,,,,,,Tub,Powder,1 x 11.1 oz,
32,B07BHWKF72,Verizon FiOS Replacement Battery GT12080-HG PX12072-HG by Neptune,23.99,1 Count,,,,6 pounds,,,,,,,,N/A,
33,B094QCPNXT,Orgone Pyramid - Crystal Pyramid - Crystal Decor - Protection Crystals - Pyramid Crystal - Chakra Pyramid - Orgonite Pyramids - Healing Crystal - Chakra Decor - Energy Crystals - Meditation Pyramid,21.99,,,,,8.8 ounces,,,,,,,,N/A,
34,B09Y4NRM5Y,IDEAL PERFORMANCE (5 Pack) Silencil Tinnitus Max Supplement Pills Silencio Silencile (300 Capsules),69.95,300.00 Count,5,,,0.32 Kilograms,,,,,,Pack,Capsule,5 x 300 ct,
35,B0BB3FCJ2X,"2- Pack - GBM - Cast Sock - Heavy-Duty Non-Slip Adjustable Closed Toe Cast Cover, Fits Virtually Any Leg, Ankle, or Foot Cast (Black)",19.99,,,,,,,,,,,,,2 x 1 ct,
36,B00A6ZC00C,"Earthsense GES6FK90 Recycled Can Liners, 13gal, 7 Mil, 23 3/4 x 28, White, 90 Bags/Box",1164.17,90 Count,90,,,4.8 Pounds,,,,,,,Bag,1 x 90 ct,
37,B01DDWJGZ6,500cc Oxygen Absorbers - Packs of (10) Scavengers (20) (200 Total Absorbers),46.99,,,,,5.66 pounds,,,,,,,,10 x 20 ct,
38,B0C676K5RS,"Blood Pressure Monitor by Antrolife - Automatic Upper Arm Machine & Accurate Adjustable Digital BP Cuff Kit - Largest Backlit Display - Pulse Rate Monitoring Meter - with Batteries, Bag(White)",27.95,,,,,,,,,,,,,N/A,
39,B0B5Y9B2P3,"100PCS Foot Care Sticker,Self-Adhesive Invisible Heel Protector Sticker,Waterproof Anti-wear Clear Shoe Sticker,Blister Prevention Ultra-Thin Transparent Tape for Feet,Blister Pads,Blister Bandages",7.99,100.00 Count,,,,,,,,,,,"Pad, Foam",1 x 100 ct,
40,B00SY93D6M,"Reserveage Beauty, Tres Beauty 3, Beauty Supplement for Hair Growth, Skin Care and Nail Care, Collagen Supplement with Keratin and Biotin, Gluten Free, 90 Capsules (30 Servings)",47.9,,,,,,,,,,,,,1 x 90 ct,
41,B078HPVWLK,"Caigua Powder (1 oz, ZIN: 519457)",13.61,1.0 Ounce,1,,,,,,,,,,Powder,1 x 1 oz,
42,B07XD82TR7,"Heka Naturals Polished Shungite Pyramid Black Stone Crystal | 4 Inch - Desk Decor Shungite Stone for Home or Office - Chakra Stones, Healing Crystals, Meditation Pyramid",42.99,,1,,,1.23 pounds,,,,,1,,,N/A,
43,B0BG6979DP,"MICROPORE Paper Tape 1""x10Yd White with Multi-Use Dispenser Eyelash Extension",8.99,,,,,,,,,,,,,N/A,
44,B08P4SRVP1,"BEIBYE- Upper Back and Headache Pain Relief - treatment for Costochondritis and Tietze Syndromeb-Help Back Stretcher, Posture Corrector",44.88,,,,1 Count (Pack of 1),,,,,,,,,N/A,
45,B0B4VDWMHF,"Lint Rollers for Pet Hair Extra Sticky, Mega Value Pack 800 Sheets/ 4 Handles, Lint Rollers for Clothes Furniture, Safe On Fabric",17.59,,,,,2.18 pounds,,,,,,,,1 x 800 ct,
46,B07B8SX616,JAM PAPER Open Lid Gift Boxes - 3 x 3 x 2 - Kraft - Sold Individually,4.99,,,,"3"" x 3"" x 2""",3.2 ounces,,,,,,,Box,1 x 1 ct,
47,B00LC26HAM,MULTANI KUKA 100 TABLETS COUGH TONSILITIS THROAT IRRITATION,9.97,,100,,,,,,,,,,Tablets,1 x 100 ct,
48,B0130S9RIY,Dr. Scholl's Moleskin Plus (6 strips) by Dr. Scholl's,9.71,,6,,6 Strips,0.08 Pounds,,,,,,,,1 x 6 ct,
49,B001G0N6F4,Brownmed - Seal-Tight Original Cast & Bandage Protector - Kid's Arm Cast Cover for Shower & Swimming - Waterproof Arm Bandage & Cast Cover - Durable Shower Cast Bag - Pediatric Large Arm,24.99,1.0 Count,,,28 Inch Pack of 1),,,,,,,,,N/A,
50,B08DNR18V5,"COMFIER Cordless Back Massager with Heat - Rechargeable Chair Massager, Shiatsu Massage Chair Pad with Adjustable Intensity,Portable Massage Cushion, Ideal Gifts for Men/Women",79.99,,,,,,,,,,,,,N/A,
51,B0025Q1ARO,"BlueBonnet Vitamin C 500 mg Plus Rosehips Vegetable Capsules, 180 Count",21.8,,,,,,,,,,,,Capsule,1 x 180 ct,
52,B09QQ25H46,"Clearblue Fertility Monitor, Touch Screen, 1 Count",119.98,,,,,,,,,,,,,N/A,
53,B0BN1PDN42,Rafow Reusable Beeswax Food Wrap Set: 9 Packs Organic Bee Wax Wraps Cover for Sandwich Bread - Sustainable Beeswax Wrapper Paper Food Storage Zero Waste,17.59,,,,,6.3 ounces,,,,,,,,1 x 9 ct,
54,B0B63RL9GW,320 Pieces 8 Colors Rainbow Color Cocktail Napkin Beverage Luncheon Paper Napkins Assorted Colors Party Napkin for Party Favors,23.99,,,,"10x10 inch,5 x 5 inch",1.65 pounds,,,,,,,,1 x 320 ct,
55,B077FV73PY,"meidong Trash Bags, Garbage Bags 13 Gallon Large Tall Kitchen Drawstring Strong Bags For Trash Can Garbage Bin, 5 Rolls/115 Counts",31.98,115.0 Count,115,,,3 pounds,,,,,,,Bag,1 x 115 ct,
56,B077JMXRBX,LiangGui 4 Pack Multifunction Self-Adhesive Protective Camouflage Tape Wrap for Gun Rifle Shotgun Camping Hunting,7.99,,,,,,,,,,,,,1 x 4 ct,
57,B000GULTY0,Lens Cleaning Wipes Anti-Fog A-S BX/100,14.95,,,,,,,,,,,,,1 x 100 ct,
58,B0B584YQNL,"Digital Ear and Forehead Thermometer, No Touch Thermometer for Adults, Kids, Toddlers, Infrared Temporal Thermometer, 1 Second Reading, FSA HSA Eligible",16.99,,,,,,,,,,,,,N/A,
59,B07Q5JJM2Y,"Hefty Steel Trash Bags 3.2 Gallon Drawstring Bags, Custom Fit for Steel Step Can Size B (1.32 Gallon/5 Liter Round & Oval and 3 Gallon/12 Liter Round & Oval), 2 Boxes of 20 Bags - 40 Bags Total",13.64,40.0 Count,2,,20 Count (Pack of 2),14.4 ounces,,,,,,,Bag,2 x 20 ct,
60,B018KS268M,"Tom's of Maine Whole Care with Fluoride Natural Toothpaste, Cinnamon-Clove 4.7 oz",14.49,,,,,,,,,,,,Paste,1 x 4.7 oz,
61,B07VKL64DN,Amosfun 72PCS Halloween Drawstring Goody Bag Halloween Candy Bags Halloween Treat Bags for Kids Halloween Party Gift Sacks and Presents,16.47,,,,,,,,,,,,,1 x 72 ct,
62,B0776DVWBF,McKesson - Dressing Retention Tape NonWoven Fabric / Printed Release Paper 2 Inch X 10 Yard White NonSterile - 1/Box - McK,18.24,,,,,,,,,,,,Strips,NONE,
63,B07V1KJZMV,"Olaes Modular Bandage, 4 in, Flat Pack",12.95,,,,4 Inch,,,,,,,,,NONE,
64,B016AD66M6,"Party Color Paper Plates Green 9"" 40 Count",10.08,,,,Medium,9.6 ounces,,,,,40,,,1 x 40 ct,
65,B004RRGJZ2,"Icy Hot Extra Strength Back Medicated Pain Relieving Patch-5, count (Pack of 6)",59.01,,6,,,1.98 Pounds,,,,,,,Patch,1 x 6 ct,
66,B00J7OHEFO,"GNC Herbal Plus Cranberry D-Mannose, 60 capsules",19.15,,,,,,,,,,,,Capsule,1 x 60 ct,
67,B082KZ5TVJ,"DOACT Heating Elbow Brace Support, Adjustable Heated Elbow Wrap Pad with 3 Level Temperature Setting Hot/Cold for Tendonitis, Tennis Elbow, Arthritis Pain Relief",19.7,1.00 Count,,,,0.11 Kilograms,,,,,,,,N/A,
68,B0C5RNGVFP,"Imako Cosmetic Teeth 1 Pack. (Large, Bleached) Uppers Only- Arrives Flat. Fit at Home Do it Yourself Smile Makeover!",40.0,1 Count,,,,1.44 Ounces,,,,,,,,N/A,
69,B074H5BVD8,"365 by Whole Foods Market, Vitamin B Complex Hi Potency Herbal Support, 90 Tablets",15.79,,,,,,,,,,,,Tablet,1 x 90 ct,
70,B09118TN3Z,"Oval Shaped Felt Callus Protective Pads - Adhesive Foot Pads That Surround Calluses from Rubbing On Shoes - 1/8"" - 25 Pack",21.99,,,,,1.76 ounces,,,,,,,,1 x 25 ct,
71,B09C23RNG9,"Pet Hair Remover, Portable Dog Cat Hair Remover, 4 Pack Lint Cleaner Brush Reusable Fabric Shaver Remover Pet Hair Remover for Furniture, Couch, Carpet, Car Seats, Bedding",11.99,,,,,,,,,,,,,1 x 4 ct,
72,B079K77D2W,"Enzymedica, Apple Cider Vinegar, Healthy Weight and Digestive Support, 60 Count",26.99,60 Count,1,,,0.06 Kilograms,,,,,,Bottle,Capsule,1 x 60 ct,
73,B07N8LSW3T,"Dart 10T1-N0198 Double Wrapped Paper Bucket, Unwaxed, White, 165oz, 100/carton",314.99,,,,,,,,,,,,,1 x 100 ct,
74,B09KT33XHC,"Cottonelle Ultra Comfort Toilet Paper, Strong Toilet Tissue, 12 Mega Rolls (12 Mega Rolls = 48 Regular Rolls), 268 Sheets per Roll, Packaging May Vary",19.49,3216 Count,,,,,,,,3216,,,,12 x 268 ct,
75,B002TUMVGA,"Kirkland Signature Vitamin C 1000mg, with Rose Hips 500 Tabs each (pack of 2)",43.53,,,,,,,,,,,,Tablet,2 x 500 ct,
76,B0BDRLX546,"8 Pack Charcoal Relpacement Brush Heads Compatible with Oral B Electric Toothbrush, Making with Active Charcoal Bristles",9.99,,,,8 Count (Pack of 1),,,,,,,,,1 x 8 ct,
77,B07FXGD9C7,Hello BPA Free Charcoal Bristle Toothbrush - Soft - 1ct Black,7.68,,,,,,,,,,,,,1 x 1 ct,
78,B076CMQ9CZ,"Jannet EL Firdaus (Black) 9mL CPO | Alcohol Free and Vegan Attar Perfume Oil | Givaudan Original and Traditional Formulation from 1974 | by Swiss Arabian Dubai, UAE.",29.07,,,,,0.003 ounces,9 Milliliters,,9 Milliliters,,,,Oil,1 x 9 ml,
79,B00854JQVM,Aura Cacia Ess Oil Blend Trnquil,11.15,,,,,,,,,,,,,NONE,
80,B0020MMFAY,"ITA-MED Quad Cane with Small Base, Chrome",26.19,,,,,,,,,,,,,N/A,
81,B07CTTSHLY,"BIOTICS Research Garlic Plus Pure Garlic Concentrate Plus Vitamin C and Chlorophyllins, Supports Cardiovascular Health, Immune Function, Strong Antioxidant 100 Tablets",31.08,,,,,,,,,,,,Tablet,1 x 100 ct,
82,B00U377576,Dynarex Vitamins A&D Ointment 144 Packets by Dynarex,23.06,,,,,,,,,,,,,1 x 144 ct,
83,B079BNC663,"Amscan Gift Wrap, One Size, Formal Affair",7.91,1.0 Count,1,,One Size,4 ounces,,,,,,,,NONE,
84,B08CRH15NH,"Special Supplies Adaptive Utensils 5-Piece Set Non-Weighted, Non-Slip Handles for Hand Tremors, Arthritis, Parkinson’s or Elderly Use - Stainless Steel Knife, Rocker Knife, Fork, Spoons (Black)",15.98,,,,,15.5 ounces,,,,,5,,,1 x 5 ct,
85,B08MQP51LJ,"Iconikal 240-Sheet Gag Joke Money Toilet Paper, 100 Dollar Bill, 1 Roll",9.97,1 Count,,,1 Count (Pack of 1),,,,,240,,,,1 x 240 ct,
86,B001GCU5LK,"Delsym Children's 12 Hr Cough Relief Liquid, Grape, 3 oz (Pack of 2)",28.38,,,,,,,,,,,,,2 x 3 oz,
87,B002LMFFV4,Boiron Arnicare Arthritis - 60 tabs 60 Count (Pack of 3),27.94,,,,,0.18 Ounces,,,,,,,,3 x 60 ct,
88,B079QBTBLL,"Secrets of the Tribe Meadowsweet Herb 60 Capsules, 800 mg, Meadowsweet (Filipendula ulmaria) Dried Herb (60 Capsules)",19.79,,,,,,,,,,,,Drop,1 x 60 ct,
89,B005EJMTEM,Ultralife U9VL-JPBP Long-Life 9V Lithium Battery,16.72,,,1,,1.31 ounces,,,,,,,,N/A,
90,B0BZZMGHFS,"Steam & Go Floor Cleaners for Tile and Wood Floors, All Purpose Cleaner Mopping Solution, Use As Floor Cleaner, Wall Cleaner, and Tile Cleaner, Household Cleaning Supplies, Rainforest Scent, 12oz",12.99,,,,,,,,,,,,Liquid,1 x 12 oz,
91,B07QSR34WL,"Metatarsal Pad, Ball of Foot Cushion, Foot Gel Pads, High Heel Cushion Insert for Women Foot Pain Relief, Anti-Slip Soft Forefoot Shoe Insole, One Size fits All, Pack of 3",9.99,,,,,,,,,,,,Gel,1 x 3 ct,
92,B082TPDTM2,Lumineux Teeth Whitening Strips 21 Treatments - Enamel Safe for Whiter Teeth - Whitening Without the Sensitivity - Dentist Formulated and Certified Non-Toxic - Sensitivity Free,44.99,,1,,,,,,,,,,Strip,1 x 21 ct,
93,B000I48O60,"Bluebonnet Nutrition Maxi One (With Iron), Whole Food Multiple, Enzymes, Energy, Vitality, Gluten-Free, Kosher, Dairy-Free, Vegetarian Friendly, Soy-Free, Non-GMO, 90 Vegetable Capsule, 3 Month Supply",31.16,90 Count,,,,,,,,,,,Capsule,1 x 90 ct,
94,B002NHAWA6,"Pro-Tec Athletics Calf Sleeve (Black, Large)",14.95,,1,,Large,0.1 Pounds,,,,,,,,N/A,
95,B01IRO9H86,"Doctor Butler's Hemorrhoid & Fissure Cream - Instant Pain Relief Hemorrhoid Treatment with Lidocaine, Fast Acting Relief from External Itching and Burning",14.95,,,,,0.06 Pounds,,,,,,,,NONE,
96,B09YMC9PHK,KATORI Herbal Yoni Oil and Wash Set for Women. pH Balance. Detox. All Natural Feminine Hygiene Care. Herbs. Essential Oils. Fresh. Organic.,24.99,,,,,,,,,,,,"Yoni Oil, Feminine Wash",NONE,
97,B0027A8PDA,Pressure Positive Co. The Knobble II (Blue),11.95,,,,,0.13 Pounds,,,,,,,,N/A,
98,B006YZ8NA4,Alaskan Essences Rhodochrosite Gem Elixir Stock 1 oz Size,24.0,,,,,,,,,,,,,1 x 1 oz,
99,B089YX17NQ,Disposable Mask 3 Ply Ear Loop (10),12.99,,,,,,,,,,,,,1 x 10 ct,
100,B088W9KTFN,"VIGIND 500ml Ultrasonic Cool Mist Essential Oil Diffuser with Remote Control, White Wood Grain Aromatherapy Diffuser with Waterless Auto Shut-Off, 4 Timer, 7 Color Changing LED for Home Yoga Office",19.99,,,,,1.28 pounds,,,,,,,,1 x 500 ml,
101,B086VCG9QQ,"YOQXHY 6 Pack Spin Mop Replacement Heads [1-Tank System] Mop Replace Refills Microfiber for EasyWring EasyClean Spin Mop,(Big Triangle & White)",29.99,,,,6 Count (Pack of 1),,,,,,,,,6 x 1 ct,
102,B0BNTC356G,"DR. MARTIN'S NUTRITION Ultimate Testosterone Booster for Men & Women | Enhance Workout Performance | Boost Drive, Energy, Strength, Stamina | Increase Endurance | Burn Fat, Build Lean Muscle",10.0,,,,,,,,,,,,,NONE,
103,B08LSRT514,"BAIYI HOPE Personalized Rose Gold Medical Alert ID Bracelets for Women Custom Adjustable Chain Emergency Health Awareness Bracelet for Girls, 5-8.8 inch",10.99,,,,1 Count (Pack of 1),0.31 Ounces,,,,,,,,N/A,
104,B00IG0MRXO,"Dr. Scholl's Corn Removers Cushions & Medicated Discs - 9 ct, Pack of 4",19.4,,,,,,,,,,,,,4 x 9 ct,
105,B07FQWGT17,"Readers Readers.com Reading Glasses: The Brookside, Plastic Rectangle Style for Men and Women",21.95,,,,,3.2 Ounces,,,,,,,,N/A,
106,B07S98475C,Swanson Full Spectrum Buchu Leaf 4:1 Extract 100 Milligrams 60 Capsules,9.45,,,,,,,,,,,,Capsules,1 x 60 ct,
107,B0BQ6B9LBT,Gezond Compostable Paper Plates Set 500pcs Disposable Plates Heavy-Duty Plates Cutlery Eco-friendly Dinnerware Set for Party Picnic,59.99,,,,500pcs,8.51 pounds,,,,,500,,,1 x 500 ct,
108,B003JO5TFK,Herb Pharm - Pharma Kava Extract 1 oz [Health and Beauty],18.35,,,,,,,,,,,,Liquids,1 x 1 oz,
109,B0BVD2SGTR,"OXO Good Grips Furlifter Pet Garment Brush Hair Remover For Clothing, White, Garment Brush",17.55,,,,,8 ounces,,,,,,,,N/A,
110,B0CB3KPTNZ,SEISSO Wood Filler - 7PCS Dark Wood Restore Set Filler 5PCS Light Oak Wood Furniture Original Wood Repair Kit,12.99,,,,,,,,,,,,,NONE,
111,B0844Z2RZ3,Newton Labs Homeopathic Remedy Kids Allergies (1.7oz Liquid),28.95,,,,,1.7 Ounces,,,,,,,,1 x 1.7 oz,
112,B084HL3JYL,"AROMAVITA Essential Oil of Oregano-100% Pure Undiluted Non GMO Extra Strength Greek Oregano Oil - Over 86% Carvacrol Oregano Extract Liquid Nutritional Dietary Supplement, 3.4 FL.OZ/100ML",50.0,,,,,,,,,,,,oil,1 x 3.4 fl oz,
113,B07WSS11K8,"Colgate Kids Battery Powered Toothbrush, Ryan's World",8.85,,,,,,,,,,,,,N/A,
114,B000YJ3S8I,"Lumex Imperial Collection Transfer Bench, 400 lbs Weight Capacity, Medical Bath Shower Chair with Back Support, Pack of 2, 7929",256.38,,,,,,,,,,,,,2 x 1 ct,
115,B00D891CY8,Scalpel Handle #3 +10 Sterile Surgical Blade #11 Surgical Dental Instruments,6.9,,,,,,,,,,,,,NONE,
116,B075PZN4KZ,"Set of 12 Premium Paperless Kitchen Dish Wash Scrubs – Sponge Scour Pads Made of 100% Natural Organic Fibers W/Non-Toxic Coat – Non-Scratch Surface – 5” x 6.5” – Ideal for Kitchen, Bathroom Cleaning",32.99,,12,12,,,,,,,,,,1 x 12 ct,
117,B004L51R8E,Dadamo Personalized Nutrition - Cortiguard 60 Vcaps,23.95,60.00 Count,60,,,0.4 Pounds,,,,,,Bottle,Capsule,1 x 60 ct,
118,B09GXRCMTM,"Kisdate 4 Pack Reading Glasses Blue Light Blocking Cat Eye Computer Readers for Women Fashion Designer Ladies Eyewear (4-pack, 2.25) WR2004",17.95,,,,,,,,,,,,,4 x 1 ct,
119,B0BWF2G577,"NEWGO Sinus Ice Pack Face Eye Mask for Sinus Pressure Relief, Hot Cold Therapy Reusable Sinus Relief Mask for Migraine, Tension, Stress, Headache, Relaxation (with Washable Cover) - Purple",19.99,1.00 Count,1,,,,,,,,,,,N/A,
120,B0B6ZMNCZJ,"Electric Spin Scrubber,Honshine 350RPM Cordless Electric Cleaning Brush with 4 Replacement Brush Heads,Adjustable Extension Arm,Bathroom Shower Cleaning Brush for car,Tile,Floor,Wall,Grout,Tub",48.99,,1,,,3.14 pounds,,,,,,,,N/A,
121,B00W2M3BIW,Klaire Labs Inflathera - Phytonutrient Blend with Turmeric & Knotweed (60 Capsules),29.99,,1,,,,,,,,,,Capsules,1 x 60 ct,
122,B083MXFGRQ,"Woolzies Favorite Set of 6 Premium Essential  Oils Inc. Rose, Orange, Lemon, Peppermint, Tea Tree & Lavender Essential Oils  Therapeutic Grade -10 ML",21.99,2.04 Fl Oz,,,,,10 Milliliters,,,,,,,6 x 10 ml,
123,B0BBVM4LXP,Wide Open for Easy Clean Hookah Set with Everything - ASANMA Updated Cube Modern Shisha include Charcoal Holder Silicone Phunnel Bowl Silk Pipe Coal Tongs Remote LED Light for Great Smoking,42.99,,,,,,,,,,,,,N/A,
124,B0C6GFMGX2,"Avantaway 2023 New Ultrasonic Pest Repeller 6 Pack,Dual Chip Electronic and Ultrasound Pest Repeller for Mosquito Cockroaches,mice,etc.Pest Control of The Living Room,Garage,Warehouse,Office, Hotel",32.99,,,,,,,,,,,,,1 x 6 ct,
125,B0B4F3M65K,L Arginine Cream - Nitric Oxide Support Supplement for Men & Women - Unscented (2 Ounces),27.99,2.0 Ounce,1,,,0.09 Kilograms,,,,,,,Cream,1 x 2 oz,
126,B018SJ6PZ8,6 inch 5X Blue Raised Domed Bar Magnifier with Reading Tracking Line Optical Tool Bar Magnifying Glass,18.0,,,,,,,,,,,,,N/A,
127,B08FCTT673,Bellezza Ladybugs Washable 100% Cotton Face Mask - Adult,12.0,,,,Adult,,,,,,,,,N/A,
128,B00CB7YEO8,"Portable Wheelchair Safe Shower Stall (Made in the USA, 10-year warranty on frame)",3495.0,,,,,,,,,,,,,N/A,
129,B005G2EDDC,New Procter And Gamble Oral B Precision Clean Refills Replacement Electric Toothbrush Head 3 Count,22.89,,,,,,,,,,3,,ROUND,3 x 1 ct,
130,B00EZWTM6M,"Feosol Original Ferrous Sulfate Iron Supplement , 120 CT (Pack of 3)",31.01,360.00 Count,3,,,,,,,,,,,3 x 120 ct,
131,B076HSQV5P,"3M E-A-R Cabo Flex Model 600 Hearing Protector Replacement Pods 320-2004, Silicone/PVC, One Size Fits Most, Blue/Yellow",59.72,,,,One Size Fits Most,,,,,,,,,NONE,
132,B0B1L8VGJV,LUHUA Disposable Paper Bowls (2021 NEW) 12 Oz Eco-friendly Compostable Bagasse Bowls Round Bowls Biodegradable and Hot Soup Bowls 50pcs,11.99,,,,,13.1 ounces,,,,,50,,,50 x 12 oz,
133,B0BS8WST2K,"Woolzies 100% Pure & Natural Unwind Essential Oil Blend Set Therapeutic Grade | Incl. Refresh, Sea Breeze, & Sunshine Blends",16.99,,,,,,,,,,,,,NONE,
134,B008RUJXR6,WoundSeal Powder 4 Each (Pack of 5),48.82,,,,4 Count (Pack of 5),,,,,,,,Powder,5 x 4 ct,
135,B08N375YCV,BluntLife Air Freshener Spray 1.0 oz. Bottle Long Lasting - Choose Your Scent (Sex On Beach),6.49,1.0 Fl Oz,,,,,,,,,,,Spray,1 x 1 fl oz,
136,B09NKRBJ8J,"Suright Knee Braces for Knee Pain, Knee Brace with Side Stabilizers, Adjustable Compression Sleeve, Knee Braces for knee pain women and Men for Meniscus Tear, ACL, MCL, Injury Recovery",9.99,,,,One Size,,,,,,,,,N/A,
137,B00XLYAPKC,"Pure Encapsulations Revita-Age Nerve | Hypoallergenic Supplement for Enhanced Cardiovascular, Metabolic and Neurocognitive Support | 120 Capsules",65.3,120.00 Count,1,,,0.02 Kilograms,,,,,,Bottle,Capsule,1 x 120 ct,
138,B082Q3S5HP,Master Series Ring Master Custom Ball Stretcher Kit - Silver,14.98,,,,,,,,,,,,,N/A,
139,B0BLP95JHP,Onrtry Round Blue Light Blocking Glasses for Women Men Circle Clear Lens Metal Frame Glasses,12.99,,,,,,,,,,,,,N/A,
140,B004C1O90K,MEDLINE MSC23000 MSC23000H Protection Plus Classic Protective Underwear (Pack of 22),19.99,,,,,,,,,,,,,1 x 22 ct,
141,B08D6D1YD5,"Electric Shock Anal Vibrator Prostate Stimulator, Leyuto 8 Vibration Modes Electric Stimulation Butt Plug Vibrating Anal Plug Vibrator Anus G Spot Sex Toy for Men, Women",29.99,,,,,,,,,,,,,N/A,
142,B006MH4YRU,"Karman KM5000F18 Aluminum Lightweight Reclining Wheelchair, Black, 24 Inches Rear Wheels and 18 Inches Seat Width",1340.0,,,,,36 Pounds,,,,,,,,N/A,
143,B09PD1RQJZ,"SENDEREAL Electric Lighters Rechargeable USB Lighter, Mini Windproof Dual Arc Plasma Lighters,Portable with Battery Indicator for Outdoor Fireworks Cooking Hunting Hiking 114-black 3.46*0.66*0.66in",14.99,,,,,1.34 Ounces,,,,,,,,N/A,
144,B001E8B254,Deoxit Contact Cleaner Wipes 50 Pack,29.95,,,1,,,,,,,,,,1 x 50 ct,
145,B00RIDJLBQ,NewMaxer 3PCS Golden Steel Metal Plated Jeweled Anal Plug Diamonds Jeweled Sexy Anal Stopper,14.93,,,,,,,,,,,,,1 x 3 ct,
146,B07S8S1T99,"Dawn Botanicals Dishwashing Liquid, Aloe Water",6.99,,,,,,,,,,,,Liquid,NONE,
147,B003NZJCSK,"Drive Medical SSP118FA-SF Silver Sport 1 Folding Transport Wheelchair with Full Arms and Removable Swing-Away Footrest, Black",133.56,,,,,481 Grams,,,,,,,,N/A,
148,B007W9CGOA,Nsh Cleanr Bowl Works 24,10.36,,,,,1.5 pounds,,,946 Milliliters,,,,Liquid,N/A,
149,B07XHL72TM,"7"" Folding Squatting Toilet Stool Plastic Non-Slip Foldable Bathroom Stools Toilet Step Stool Kids Comfortable Squat Aid Stool with Aromatherapy Clean Toilet Air",24.88,,,,,15 ounces,,,,,,,,N/A,
150,B0BLTCXSYK,"Saalt Reusable Period Underwear - Comfortable, Thin, and Keeps You Dry from All Leaks(Mesh Hipster, Medium, Rich Earth)",36.0,,,,,,,,,,,,,N/A,
151,B004PX79FC,"Alka-Seltzer Original Effervescent Tablets, fast relief of headache, muscle aches, and body aches, 72 Count (Product packaging may vary)",9.24,,,,,0.25 Pounds,,,,,,,,1 x 72 ct,
152,B09XMFBDDJ,"Prasacco 400PCS Disposable Perfume Tester Strips,Portable Blank Fragrance Tester Strips Aromatherapy Fragrance Strips for Women Men Test Essential Oil Scent",9.89,,,,,,,,,,,,,1 x 400 ct,
153,B01N9JI2B6,"CraveGreens - Pest Soldier - Electronic Plug Ultrasonic Pest Control Repeller for Insects - White, Set of 4",18.99,,,,,0.5 Pounds,,,,,4,,,1 x 4 ct,
154,B000LNWT5U,Pactiv Corp 20625 Hefty Ultra Flex Trash Bags,17.04,,1,,,2.2 pounds,,,,,,,Bag,NONE,
155,B01IA99NI2,Buf Puf Gentle Size 1s Buf-Puf Gentle Facial Sponge,24.82,4.00 Count,,,,,,,,,4,,,1 x 4 ct,
156,B0BHN8Q2SF,"UUNITONA Micro Current Leg Massager for Circulation and Pain Relief, Portable Massager for Leg Foot and Calf,6-Level Intensity Adjustable,Timing Program,Built-in 950mhA Rechargeable Battery",59.99,,,,,0.25 Kilograms,,,,,,,,N/A,
157,B001JI7TDI,Monoject Oral Syringe 3ml Clear - Box of 100,25.62,,,,,,,,,,,,,1 x 100 ct,
158,B0B5FR1GJ4,Miracle II Non-Foaming Regular Soap Gallon-w-pump - Ships Factory Direct,79.95,,,,,,,,,,,,Lotion,1 x 128 fl oz,
159,B07R6Y31L9,"Bio-Knee Support Brace- Adjustable Fit for Left or Right Knee, Open Patella Compression Sleeve for Pain, Sprains, Strains, Sports Injury, Surgery",19.98,,,,One Size,,,,,,,,,N/A,
160,B00WKKNU3W,CrystalAge Labradorite Massage Stone,13.09,,,,,,,,,,,,,N/A,
161,B091G3DQZM,"Eniva Health Melatonin Drops | 3 MG | Max Strength Sleep Aid Liquid Drops, Fast Acting Natural Sleep Support, Wake Rested, Fall Asleep Faster, Vegan, Gluten Free, NonGMO, Natural Flavor - 50 Servings",16.95,1.7 Ounce,,,,0.14 Kilograms,,,,,,Bottle,Liquid,1 x 1.7 oz,
162,B08PL2ZXVP,Ludens Deliciously Soothing Throat Drops | Honey & Berry Flavor | 25 Count Each | Pack of 6,17.15,,,,,,,,,,,,,6 x 25 ct,
163,B0BFGTJCXR,"Amscan Premium Gold Plastic Forks, Standard",8.35,,,,,7.4 ounces,,,,,32,,,1 x 32 ct,
164,B07RGXR5RM,"The Aftermarket Group - TAGRP215027 Wheelchair Armpad, Full Length, Urethane, Black, 13-3/4"" L x 2"" W, TAG215027",10.61,,,,,,,,,,,,,N/A,
165,B06W9G7XCZ,"Vive Fall Mat - 72"" x 24"" Bedside Fall Safety Protection Mat for Elderly, Senior, Handicap - Prevention Pad Reduce Risk of Injury from Impact - Prevent Bed Falling - Anti Fatigue, Standing Non Slip",108.99,,,,,,,,,,,,,N/A,
166,B08LP41BLM,"ROLLXY, 12"" x 1000' Food Service Standard Aluminum Foil Roll",33.99,,,,,5.9 pounds,,,,,,,,NONE,
167,B08X9ZFTLX,"IV for Life Liposomal B-12 Folate TMG by Core Med Science - 3000mcg B-12, 1300mcg Folate, and 50mg Betaine - 1 Fl Oz Liquid Spray - B Vitamins - Made in USA",24.99,,,,,,,,,,,,Capsule,1 x 1 fl oz,
168,B0C6DMP4YD,"ANEWNICE Rodent Repellent for Car Engines,Mouse Repellent for Cars, Rats Deterrent Under Hood, Mice Repellent for House,Peppermint Oil to Repel Mice and Rats, RV Mice Away, Ready-to-Use -2 Pack",19.99,,,,,4.6 ounces,,,,,,,,2 x 1 ct,"2 pouches, volume per pouch not stated"
169,B0BQNTY2SS,"Youngevity Killer Biotic FX - Immune System Support | Sourced from Bee Propolis, Mushrooms & Colostrum | Natural Immunity Support | 60 Capsules",41.95,60 Count,1,,,0.05 Kilograms,,,,,,Bottle,Capsule,1 x 60 ct,
170,B0C78FHLTC,"FUTURO Wrap Around Ankle Support, Large",13.25,,,,,,,,,,,,,N/A,
171,B0BMQ19LVZ,Thicken Thermal Fleece Lined Knee Warmers Leg Warmers Winter Warm Cashmere Wool Knee Brace Thickened Wool Skiing Knee Pads,16.04,,,,,,,,,,,,,N/A,
172,B0BQCRHFMY,"BIOSKIN Ultima Compression Shorts for Men & Women, Enhance Recovery & Performance, Relieve Groin, Hamstring, Hips & Quad Pain",69.0,,,,,,,,,,,,,N/A,
173,B06XPS6VC1,"Calcium 500 mg Generic for Tums Assorted Fruit Flavored Chewable Tablets Regular Strength Antacid for Acid Indigestion, Heartburn, Sour Stomach 150 Chewable Tablets per Bottle Pack of 4",21.24,600.00 Count,4,,,,,,,,,,Chewable,4 x 150 ct,
174,B014SMI9K8,"Welch Allyn REUSE-09 FlexiPort Reuseable Blood Pressure Cuffs with No Tubes or Connector, Raw Cuff, Child, Size 9",24.99,,,,,,,,,,,,,N/A,
175,B00DX5LAV2,CitraSolv Natural Cleaner and Degreaser Concentrate - Valencia Orange - 16 oz,24.93,,,,,1 pounds,2 Gallons,,,,,,Liquid,1 x 16 oz,"item_volume 2 gal is dilution yield, not package size; title and item_weight agree at 16 oz."
176,B097WMSY5J,"World's Lightest (Weight-30lbs) Foldable Electric Wheelchair, Travel Size, User-Friendly.",988.0,,,,,30 Pounds,,,,,,,,N/A,
177,B0BR13FBL6,"HeathCryt Crystal-Quartz Ionix Ring, TORINA Crystal-Quartz Ionix Ring, Ionix Therapy Quartz Crystal Ring, Crystal-Quartz Ionix Ring for Women (8)",10.65,,,,,,,,,,,,,N/A,
178,B0C3H24P91,"Mrs. Meyer's Dish Soap, Geranium, 16 oz",7.29,,,,,,,,,,,,Liquid,1 x 16 oz,
179,B0C4G6M3BP,"Yoni V-Pot Kit, Electric Steaming Seat for Women with Steaming Herbs - Supports Healthy Ph Balance, Menstrual Support, Postpartum Care, Cleanse Vaginal Odor and Dryness - Feminine Care Product",99.99,,,,2 Piece Set,,,,,,,,,N/A,
180,B0B5D4KHK6,"Dreamsir Bed Wedge Pillow, 3 in 1 Support, Adjustable to 4.5, 7.5 & 12 Inches, Memory Foam Wedge Pillows for Sleeping, Reading, Supporting Legs, Releasing Acid Reflux, GERD, Snoring, Grey",66.99,,,,,6.39 pounds,,,,,1,,,N/A,
181,B0B46MCWN8,"40pc Mugwort Navel Sticker-Natural Wormwood Essence Pills and Belly Sticker, Healthy Moxibustion Belly Sticker,Natural Cleanse Dampness-Evil Removal,Relieve Fatigue,Improve Sleep Quality",4.99,1.00 Count,,,,,,,,,40,,Stick,1 x 40 ct,
182,B0011DKKZ0,"Nature's Answer Alcohol-Free Cleavers Herb, 1-Fluid Ounce | Supports Overall Wellbeing | Dietary Supplement",13.09,,,,,,,,,,,,Liquid,1 x 1 fl oz,
183,B09BCF3P98,"YEVIOR Wired Powerful Handheld Back Massager with 10 Pulse Settings, Personal Total Body Therapy Massager for Sports Recovery, Muscle Aches, Body Pain (Purple)",20.89,,,,,0.7 Pounds,,,,,,,,N/A,
184,B08T1NHH1S,26 Rolls Curling Ribbon Set Crimped Balloon String Gift Wrapping Ribbon Bow Ribbon for Party Wedding Festival Crafts (286 Yards),9.99,,,,,2.89 ounces,,,,,,,,NONE,"286 yd across 26 rolls, no length unit in format"
185,B0B68LFK6G,Trendyline Waist Trainer for Women Lower Belly Fat - Postpartum Corset Cincher Shapewear Girdle Band Body Shaper,25.98,,,,X-Large,,,,,,,,,N/A,
186,B00YPLFEJC,"SmileGoods Giraffe Flossers, Individually Wrapped, Box of 200",23.51,,,,,,,,,,,,,1 x 200 ct,
187,B0BMK9YTNW,"Yerba Prima Psyllium Husk, 12 Ounce (Pack of 3) - Fiber Supplement for Regularity, Colon Cleansing, Natural Support for Gut Health, Non GMO, Gluten Free, Vegan, No Sweeteners",41.45,36.0 Ounce,3,,,0.75 Pounds,,,,,,"Bottle,Pack",Whole Husks,3 x 12 oz,
188,B00LFNWFHC,Loc A Sok Sock Locks (Red),6.99,,,,,,,,,,,,,NONE,
189,B00EV3U2MI,Eco-Me Tub & Tile Cleaner - Lemon Fresh - 32 oz,20.79,32.00 Ounce,,,,,32 Fluid Ounces,,,,,,Liquid,1 x 32 oz,
190,B004R671O6,"Puritan's Pride Yohimbe 1000 Mg, 50 Count, Vegetable Cellulose, Gelatin",8.49,,1,,,,,,,,,,Capsules,1 x 50 ct,
191,B09M453BBS,Heating Pads USB Heating Massage Electric Heating Portable Heated Waist Belt Hot Compress Heating with Vibration Comfortable Heating Pad Back Abdominal Pain Relief (Vibration),9.99,,,,,150 Grams,,,,,,,,N/A,
192,B0001VKGKC,Eclectic Institute Raw Fresh Freeze-Dried Non-GMO Noni | Antioxidant Blood Lipid Support | 100 CT (375 mg),25.55,,,,,,,,,,,,Capsules,1 x 100 ct,
193,B09MPSLJRQ,Kanudle Covers for Wet Wipes Canisters (Set of Two) - Sleeve Holders Fit 35 Count CLOROX Canisters - Wipes Not Included…,22.99,,,,,,,,,35,,Canister,Wipes,1 x 2 ct,
194,B0864ZRFXN,"Earthborn Elements Blueberry 10:1 Extract Capsules, Pure & Undiluted, No Additives",11.99,,,,,,,,,,,,Capsules,NONE,
195,B07XNP5R47,"think ECO [3-Pads] Organic Reusable Fashionable Cotton Cloth Panty Liner Pads, Three Supply (Linen Ivory 3P)",13.0,,,,6.9x6.1 Inch (Pack of 3),,,,,,,,,1 x 3 ct,
196,B00QW4634U,"Motsenbocker's Lift-Off 40701 No. Tape/Stain Remover, 22oz Trigger Spray",22.95,22 Fluid Ounces,1,,,0.01 ounces,,,,,,,"Crayon,Spray",1 x 22 oz,
197,B08FDNKZ22,"2packs Long Candle Lighter, 360 Degree Flexible Neck Plasma Lighter, USB Rechargeable Electric Lighters for Camping Firework Kitchen Stove Gas BBQ, Electronic Lighter with Power Display",14.9,,,,,,,,,,,,,1 x 2 ct,
198,B0B561Y79Q,"ganfaner [50set 16oz Disposable Coffee Cups with Lid & Straws, Insulated Double-Wall Paper Cup, Hot Safe Anti-Slip Perfect for To-Go Travel, Parties and More[Black]",25.99,50 Count,1,,,2.85 pounds,,,,,,,,1 x 50 ct,
199,B097B6QSPL,"Drive Medical Blue Streak Wheelchair with Flip Back Desk Arms, Swing Away Footrests,FoldingDesk Length Arms, Alloy Steel, 20 Inch Seat",166.49,,,,,41.25 Pounds,,,,,,,,N/A,
200,B01CS92KV2,"Maxi Health HI-PO Dophilus High Potency Acidophilus Probiotics, 120 Count",74.21,120.00 Count,1,,,0.06 Pounds,,,,,,Bottle,Capsule,1 x 120 ct,
